{"count":1,"self":98.6690112,"total":130.5170279,"children":{"InitializeActuators":{"count":4,"self":0.00099739999999999985,"total":0.00099739999999999985,"children":null},"InitializeSensors":{"count":4,"self":0.00099739999999999985,"total":0.00099739999999999985,"children":null},"AgentSendState":{"count":28668,"self":0.0593649,"total":6.5253806999999995,"children":{"CollectObservations":{"count":22936,"self":0.010030899999999999,"total":0.010030899999999999,"children":null},"WriteActionMask":{"count":22936,"self":0.0094881999999999987,"total":0.0094881999999999987,"children":null},"RequestDecision":{"count":22936,"self":0.0571775,"total":6.4464967,"children":{"AgentInfo.ToProto":{"count":22936,"self":0.067784799999999992,"total":6.3893192,"children":{"GenerateSensorData":{"count":22936,"self":6.3215344,"total":6.3215344,"children":null}}}}}}},"DecideAction":{"count":28668,"self":24.957779199999997,"total":24.9577788,"children":null},"AgentAct":{"count":28668,"self":0.3359989,"total":0.3628596,"children":{"AgentInfo.ToProto":{"count":112,"self":0.0009972,"total":0.026860699999999998,"children":{"GenerateSensorData":{"count":112,"self":0.025863499999999998,"total":0.025863499999999998,"children":null}}}}}},"gauges":{"Note.CumulativeReward":{"count":112,"max":-185,"min":-1001,"runningAverage":-353.750031,"value":-1000,"weightedAverage":-992.535}},"metadata":{"timer_format_version":"0.1.0","start_time_seconds":"1685603486","unity_version":"2021.3.18f1","command_line_arguments":"C:\\Program Files\\Unity\\Hub\\Editor\\2021.3.18f1\\Editor\\Unity.exe -projectpath C:\\Users\\USER\\Documents\\CrystaLight -useHub -hubIPC -cloudEnvironment production -licensingIpc LicenseClient-USER -hubSessionId d76fc9d4-d3d0-406f-a800-cb8197206d77 -accessToken EsLL8UaueEQah1NVx7e4WWgXqKb26SL5pZe2qW2c6Pk00df","communication_protocol_version":"1.5.0","com.unity.ml-agents_version":"2.0.1","scene_name":"Lobby","end_time_seconds":"1685603616"}}